"surface","x","y","rx","ry","StemL","StemW","StemA","FrondL","FrondW","FrondA","group"
"h52",2747.87480648601,735.541869938153,10.198407,6.6026015,13.2519960621938,6.76156016582696,6.81659443778338,43.5280853978211,27.3657890052524,21.9427877988272,"well"
"h52",2978.4328701258,1081.24915683948,3.3749473,3.5260649,2.98340228063529,1.7387395820249,7.54238215670554,6.78935426679147,11.2772262164106,18.8715467446089,"well"
"h52",2790.16700518714,755.010933831216,1.9836038,1.1976476,4.34149962226187,1.49691878871215,9.92773071963731,8.05934119640072,6.73702238649252,16.3252684739519,"well"
"h52",2800.93949276012,830.951869590133,1.3077763,1.2071768,5.94301087412777,2.24944274079153,43.8866938110913,15.3918222624905,10.4374338358669,46.4230830840096,"well"
"h52",3057.93123006965,866.949505839737,1.2135988,1.2392087,0,0,0,17.5060286851159,5.83732069704061,35.2407014801168,"well"
"h52",2690.48817882201,878.53735130708,1.2830167,1.4052088,0,0,0,28.9821246650431,22.5757915975519,480.479948629971,"well"
"h52",2489.49493381075,902.224646714936,2.0732634,1.0318589,0,0,0,18.5286269403347,16.650539282858,41.2727377767418,"well"
"h52",2389.53326641511,1096.32246640613,0.74904007,0.65310359,0,0,0,16.0315919274445,5.57421676059511,336.698576118876,"well"
"h52",2671.24396164647,596.073552956373,0.88660908,1.1082524,0,0,0,34.4527785750295,14.4737086109401,44.2311505080896,"well"
"h52",3159.51736848021,877.595140758847,0.89808941,0.93157619,0,0,0,11.4365875986721,5.083677576322,22.7622031152334,"well"
"h52",3014.60535244013,723.872037218847,1.2554649,1.1181571,0,0,0,41.8138389338996,15.6984471889545,450.668838495942,"well"
"h52",2702.70959010183,609.602593305181,1.3237306,1.0295681,0,0,0,23.4118557848818,13.3069509990117,7.22643546355782,"well"
"h52",2894.00066223829,745.959393269792,6.7257371,4.8040981,0,0,0,39.6945169135486,28.8608602031557,24.412393942938,"well"
"h52",2881.40811435692,786.769306993089,0.62982941,0.61483347,0,0,0,11.5310070336463,6.6095357666027,467.349281973781,"well"
"h52",3037.4130749304,956.669623538538,1.0076408,1.0076505,8.08384878063045,2.02449840207414,4.66317346066799,9.27865906314048,6.70309687383369,14.3266408005824,"well"
"h52",2899.60473620518,840.921521091878,1.0285542,0.89997566,0,0,0,14.5844256280492,7.38377082255418,0.798309059219889,"well"
"h52",2666.80636612268,500.476339288729,2.917969,1.98584,7.95826208144087,2.7558598781685,13.4302679880571,15.6307234698238,13.4231239005679,4.57180491331516,"well"
"h52",2688.39265961612,531.820427349241,2.4316409,1.9047855,4.5973754931374,2.75233726574337,0.797639510348986,10.9723653112763,8.87449207786021,5.69069799463539,"well"
"h52",3039.51712259377,1038.72278941959,2.4788678,1.625487,5.29683455302312,2.53136871792726,5.2764081310161,13.6574196805399,3.9858726482915,18.6794232847124,"well"
"h52",2821.05579231793,903.610856972774,2.7503598,2.2002878,0,0,0,14.0308054636254,9.71973343513083,6.25004131615761,"well"
"h53",3869.17650103687,330.340610735478,3.2280843,3.3534472,7.78228808577531,2.29866080142351,345.263594559506,25.203043591003,15.0595168753849,2.52880556224774,"well"
"h53",3737.87433810713,329.74780548828,0.38879782,0.43008262,4.82072829560033,0,328.222522229225,19.4666366568548,8.09035301887371,336.072774725337,"well"
"h53",3933.71155997713,288.951920420149,0.31193766,0.29678732,0,0,0,17.8431032684901,7.43046579764684,84.829555350378,"well"
"h53",4012.12041404766,311.808767067189,0.99030781,0.89128578,0,0,0,39.7470884474572,8.54425623679437,51.7251823743045,"well"
"h53",3842.39762847208,386.437257120966,1.820881,1.5311954,4.85690242129693,3.22043863161523,4.89334994345299,11.0919374939638,9.82093403704557,1.93692758029242,"well"
"h53",3678.92838912363,400.436278757436,1.3183173,1.5287886,1.03485388340578,0,4.54478108017759,8.84060935739159,5.59300635883772,3.22598990960567,"well"
"h53",4256.64923511132,276.320786169603,2.0585084,1.2188536,4.4091335384631,2.59240003857415,10.8715881478298,8.24855434727808,6.23062653430592,3.64154446869919,"well"
"h54",435.979786852123,188.986874746587,13.535431,8.3391399,20.3650418504357,7.02773150668123,3.69970916443501,53.0567190603603,28.0769129586926,9.51228026374891,"well"
"h54",387.138292821147,191.715961871915,10.948551,7.7627563,16.4578290564096,7.64516846707777,353.514292669007,30.9101424008367,19.3124613773077,457.43871223894,"well"
"h54",751.350353048046,656.169198953448,6.0013752,3.4174497,3.16589187061083,3.18137587851547,459.171280507779,20.5084423655259,11.2070043189115,460.854900143698,"well"
"h54",693.40322944958,778.482682636797,10.26651,5.8176894,7.55239976166521,3.70340520823737,1.103135601855,28.934645015621,11.3631113666108,0.279800419855093,"well"
"h54",1026.70541331145,512.653744767824,15.18291,10.72592,15.93557592546,5.88968747238757,7.12007062649207,33.9028754905834,18.8882014670535,452.203793276461,"well"
"h54",750.122553140554,32.1398977595825,2.9230421,2.240999,0,0,0,33.5317055820309,16.4674345072327,21.7249405304025,"well"
"h54",884.783558934645,383.309486098173,6.0204449,4.4149928,5.22163355665645,4.87280198345882,468.009535876717,23.4819003756085,9.24843006407029,463.450719879444,"well"
"h54",927.312919311895,769.044685563221,18.44154,48.347778,0,0,0,0,0,0,"well"
"h54",575.099898708744,843.395268493924,11.145308,30.483631,0,0,0,0,0,0,"well"
"h54",1051.07083795901,530.315797833827,7.0252962,4.493659,7.42959742840084,6.34931715071784,456.414206839854,0,5.19088626729574,0,"well"
"h54",812.41649393163,677.295520381728,6.0666037,4.6221743,0,0,0,25.3907213656111,0,4.25278769986696,"well"
"h54",311.519387367561,99.7452600592555,2.421839,2.2157249,8.13312331641424,2.78438069595374,461.46632844739,14.1997883540565,8.3737031264549,455.066862760365,"well"
"h54",390.970018031473,135.554655126888,4.9371271,4.5331802,0,0,0,26.4385376238928,9.65134815142425,0.793845553499438,"well"
"h54",727.097573521491,309.598079530083,4.1259961,3.9259086,2.73784660088908,2.44607313055021,473.005413400298,16.9802868930416,7.71510938354091,23.8324023299612,"well"
"h54",1023.89975760073,356.020880627404,2.2674415,2.0406973,2.51246668634627,4.44841760292356,454.506270912035,6.56868360099648,10.3821881200448,451.86608686911,"well"
"h54",742.169563491402,275.218437449478,1.0276322,1.0708513,5.82807362770919,2.70040626017641,15.1281113020331,21.4639727473736,8.61267665246993,26.5821223580325,"well"
"h54",543.861592799274,61.5618751506363,1.3196145,1.1876525,0,0,0,30.8180632590693,9.08985288549811,340.249879091522,"well"
"h54",488.35960910001,853.927904441463,1.9423403,1.5031148,5.05081016075635,2.26494400813795,20.9726813447569,11.2906604775805,16.3369507337936,12.474811546943,"well"
"h54",762.323625112032,110.98548120804,1.5951059,1.5257586,0,0,0,31.8866669818281,12.1681646475547,5.57202769108572,"well"
"h54",702.948523095482,703.836148671749,1.1250356,0.96431625,0,0,0,23.1870521669401,6.3965405056171,3.142742314461,"well"
"h54",531.236716409574,843.41557785229,1.0736281,1.2525661,0,0,0,36.043069242921,11.8977739485166,458.177379928479,"well"
"h54",637.773462379355,833.30244436574,1.2626876,1.3514956,0,0,0,29.7953288073835,12.7605666645333,452.584975491905,"well"
"h54",919.248548965002,244.80976612565,5.1827855,4.0782571,10.8427870817423,5.57363605019203,460.676104557594,28.3774540186395,14.2647974552743,12.1067294425081,"well"
"h54",718.527938356006,221.786229328777,1.8881183,1.3021506,4.66832874699294,2.49923093970925,451.202871345636,8.20746610349391,0,455.677806651662,"well"
"h54",642.250065750905,314.644144963629,2.2971537,2.1016512,2.74934917753276,1.92684740703562,13.2917116871243,13.7523338008499,5.21401473051239,457.065537171911,"well"
"h54",612.92803923326,241.628368908632,1.5145633,1.3809253,0,0,0,15.942295273266,4.63274291537963,44.6543804279135,"well"
"h54",814.602537229553,400.948470195495,18.260332,17.595943,0,0,0,61.1381723902678,42.3694467035197,468.967352730354,"well"
"h55",7831.56523886048,472.235763732808,10.754791,6.3068061,11.1198955782912,2.85739819563157,11.3509687815743,36.3147956968836,14.5695530907471,13.1439100734196,"well"
"h55",8587.03511518071,225.131716421578,5.9831061,5.192091,11.5352894441363,4.11831289850623,8.163538492334,25.07394793107,11.1920406191186,13.6194173999215,"well"
"h55",8550.54480512246,213.182834550483,7.1264367,3.3501203,9.11785551815766,3.60870061102392,459.38546189832,30.8914141374268,13.8892512544781,460.910718061784,"well"
"h55",8415.00795098067,480.481188941478,5.8357859,3.0346086,9.96602132960288,2.82015602582594,1.18497659573571,19.3129956636483,10.252620164567,27.0568954542522,"well"
"h55",8077.47408108093,184.304429913574,0.84516025,0.84516025,0,0,0,22.052841259348,9.10197632715049,21.1711625153851,"well"
"h55",8485.52287986356,521.421413833023,1.3939636,1.1258937,0,0,0,22.8223726334246,13.1651335264168,344.242213896092,"well"
"h55",8465.70437986628,298.641066365034,1.1419927,1.5226569,0,0,0,27.8735430403091,9.22124389982192,77.0343485275682,"well"
"h55",8215.43688139526,645.856573579299,1.0790001,0.71882981,0,0,0,16.5088121344329,9.79020477518274,451.546348010453,"well"
"h55",7924.88139460068,336.291715445299,0.74012542,0.69433165,0,0,0,19.7050453379327,6.16022537331234,75.0088529929755,"well"
"h55",8171.60310730897,507.787490632386,0.80246186,0.7098701,0,0,0,10.2663105966115,4.74703866511573,23.5561111939836,"well"
"h55",8156.94720627862,548.027634314891,0.97174257,0.62877512,0,0,0,17.4404869843135,5.37446362515367,98.3320643074515,"well"
"h55",8143.49307342007,528.950762558642,1.1432234,0.80025637,0,0,0,16.7097511858828,5.93152817416407,110.143171261675,"well"
"h55",8416.47693655899,371.2163404956,1.1365347,0.91797036,0,0,0,28.247955817192,11.7118842634306,37.0832364110758,"well"
"h55",8430.72729267492,482.89423385601,0.77281213,0.72987813,0,0,0,7.17390289731474,4.21045173828213,457.593598372691,"well"
"h55",8493.97592623404,385.854375534369,0.91443431,0.78742945,0,0,0,10.2393479582443,5.26173757042376,455.088092226146,"well"
"h55",8320.81328072539,257.988528930415,1.1302382,0.91495472,0,0,0,25.0807859813045,8.83264472737389,3.6896504655964,"well"
"h55",8346.58701557437,356.471253674069,1.1265122,1.1265122,0,0,0,21.2567390951667,8.02080993728205,27.9712026191283,"well"
"h55",8482.15683856536,447.6661622234,1.2102253,1.2652357,0,0,0,26.7334089984798,12.4365512472752,10.773510326459,"well"
"h55",7972.65249424443,321.037561886767,0.66715032,0.83256054,0,0,0,26.1882050079802,8.57760118273211,13.217080823367,"well"
"h55",8232.14066879066,703.67478661939,1.3432779,1.081175,0,0,0,27.3511508968837,9.49853717464418,454.110632548732,"well"
"h55",8156.65560422097,126.384920364691,0.73437065,0.71396297,0,0,0,28.2264663209902,11.8089790253013,14.0470743628622,"well"
"h55",8411.99944422685,339.554031699391,5.6389403,3.2646499,0,0,0,29.9487643457956,17.0645005095368,7.42263201964924,"well"
"h55",8372.90827327408,341.785032915973,0.73517013,0.7939837,0,0,0,6.66491509023187,3.38574482942876,19.3195811691557,"well"
"h55",8222.9036651996,254.735979265628,1.1855379,1.0002977,0,0,0,13.057966760947,6.81685255964984,6.37192988576878,"well"
"h55",7819.75738194876,240.64600951823,2.03179,1.7572238,0,0,0,18.0450046827371,7.05012602724233,450.041277085331,"well"
"h55",7795.92955688063,198.701749822142,2.0657001,1.7479002,10.0120792171256,1.9022273943989,4.3528394220918,0,6.92280525365247,0,"well"
"h55",8441.34684301287,611.159891641521,2.1909759,1.6823564,2.67883046391526,2.32662706639966,4.68499125179045,9.2000633313037,6.17193110655881,4.1706759174954,"well"
"h55",8403.56459290407,537.495682193201,1.7818259,1.6036433,0,0,0,31.056697178227,11.1131558386486,14.0241578880881,"well"
"h56",1774.36301559829,911.505638899337,10.046693,5.7898712,6.43916728592296,3.57325326139931,7.4239005183202,29.620774297815,14.2638160951444,22.5551176047089,"well"
"h56",2233.92153921048,886.839389193957,7.7690063,5.125926,12.2675568541581,0,454.537942484202,30.2730162704032,17.6242275859142,468.495272035672,"well"
"h56",1823.98619328692,1140.89274353283,1.6458583,1.234394,7.88203170560103,0,452.316586707903,35.6225205374353,14.180009760575,455.978058350115,"well"
"h56",1927.57008581063,744.976228478075,9.9698067,7.1426182,11.6459786869159,3.28300779469077,0.403426184070597,36.2470043587894,16.3082335527181,1.60351723825841,"well"
"h56",1500.18661085551,733.62655847876,5.1494904,2.8685234,0,0,0,43.8353518321685,19.4019970644802,10.4527348778421,"well"
"h56",1336.02019195919,851.874467732441,1.9713458,1.708129,5.40666500719255,2.9499651540314,1.69474735364905,10.4547463871678,12.5785337205893,4.25722399605034,"well"
"h56",1869.39169717944,732.47775646713,0.62456024,0.52046835,0,0,0,24.4523771086186,11.45544832148,87.5872637266765,"well"
"h56",2106.48074608721,1019.14600673327,0.3867366,0.3867366,13.2866090955558,1.73800829687315,84.547891194819,24.7491175749784,23.8455731994431,92.0550363222105,"well"
"h56",1377.78475649344,1008.43700452083,0.40021548,0.40021548,3.18354262671324,0.975364926578773,37.9957851497223,19.8667604148235,20.4061731671594,29.0781901237844,"well"
"h56",1481.55498599465,787.193720259099,0.50292718,0.4517509,0,0,0,26.8877765866592,19.349131552297,79.9755988353662,"well"
"h56",2139.70012884565,787.473558860447,0.58209825,0.62134093,4.35608485987138,0.661860450623724,68.6990567493648,14.8514122937854,6.34242101141985,67.0850907692049,"well"
"h56",2343.01205179691,686.647590233713,0.72716713,0.77564496,0,0,0,19.0899588194945,9.80060658857912,86.694573249754,"well"
"h56",1550.99363287399,912.12943482689,0.91502655,0.68681687,0,0,0,28.6790840929134,14.2212949412527,83.725725954392,"well"
"h56",1817.89485497874,990.931554248302,11.690586,6.2120209,15.0935255689318,5.02275492633282,17.5636529835214,30.3701757118724,28.4586529585308,13.2549304879387,"well"
"h56",1656.71581866269,1290.21421162254,0.93583125,0.76036286,0,0,0,55.0472165270998,17.1459466930234,461.829627311446,"well"
"h56",1817.42508081887,960.769375666803,0.80427438,0.6893782,0,0,0,23.4154701180651,11.597288369701,33.9658733617275,"well"
"h56",2202.68503846178,1012.18164934935,1.1750484,1.09745,0,0,0,37.1445571540986,17.3702219473442,7.81339770387318,"well"
"h56",2217.54387583377,1068.04361790613,0.55499065,0.63307196,0,0,0,34.6883728532501,14.4307286828527,18.6141527290423,"well"
"h56",2087.50140013725,840.267307400301,0.52839953,0.66049951,0,0,0,39.8954960185495,14.1567284917948,12.8308011020458,"well"
"h56",2081.91773596915,930.250832385001,0.64804393,0.71519029,0,0,0,34.137988107885,12.6374454894214,8.97747181281058,"well"
"h56",1759.79582507565,775.230608699723,1.120083,0.9727037,0,0,0,26.6049294704947,8.67558068546991,458.529051160269,"well"
"h56",1561.17273379875,785.311153114668,0.74476069,0.8500852,0,0,0,27.5735696871116,10.6782741838931,461.16180082287,"well"
"h56",1908.95375824548,992.953030871683,0.80613947,0.73656243,0,0,0,22.5523533594612,8.04546862217479,19.848510379793,"well"
"h56",1588.41873485639,718.562135419782,5.2145672,4.5096121,8.12479318200775,6.33498404102174,7.18573726707159,34.8910148840944,22.1091655095889,21.86492176427,"well"
"h56",1481.08855790091,750.483585274551,2.7668538,1.7045734,3.45574853975223,1.70311995646233,11.414308101137,11.972459585649,5.40395854740759,9.41157663487108,"well"
"h56",1899.29104746931,978.072998372618,1.1262723,0.87770885,4.42443461359757,1.64073162281351,16.7864423486197,12.8402281103608,8.50872101176792,22.8818833325261,"well"
"h56",1889.86110724961,977.72262403939,0.8851102,0.79289073,2.32669208104556,1.84077965875877,17.0190839688957,8.66098053964442,6.36255605554883,19.8787495863207,"well"
"h56",1303.84311347981,741.126402123316,1.942066,1.8175744,3.5528045217828,2.19152479566175,2.23575787693288,10.9653150590441,8.86998519762564,450.250809592346,"well"
"h56",1258.38298302688,818.539880151657,1.3017788,1.1515734,4.12510393906626,2.44746746789414,0.555590145452328,9.54665054498701,6.42132394090971,450.20405697396,"well"
"h56",1317.36102289373,838.589089683259,2.1455996,1.5325712,3.27765053811417,1.74768815241725,461.968515054227,8.43028779829612,5.28904305242452,477.718023368473,"well"
"h56",1868.19780738598,1081.31766916837,0.57542205,0.44002864,0,0,0,9.82424246647031,3.67949458192292,58.5967540599097,"well"
"h56",2238.10875729284,1012.05126725626,0.50213104,0.30734327,0,0,0,15.07925177222,6.24819652732678,6.00530674437933,"well"
"h56",2164.94112434744,735.346433651759,1.8360702,1.3551949,3.07129627981411,1.17293659248925,450.186552763163,9.09461585324522,5.68923259644042,453.913431614119,"well"
"h56",1583.44602889168,823.677131847016,1.6258155,1.6736336,5.73973684539635,1.9055497710635,5.54483499893955,11.2582954050825,8.85798074111711,11.2646098688158,"well"
"h56",1498.07500998916,809.133068673632,3.1700575,2.1800735,3.78920713532523,3.13785927984356,7.85869539989478,17.3271479092233,10.250432042719,22.9545436268087,"well"
"h56",2215.28050623428,939.59607040652,0.78822631,0.66636419,0,0,0,11.5405401577266,4.39376636839052,456.628804511956,"well"
"h56",1832.43537175096,1286.03781229466,1.311377,1.1884354,3.77105698975765,2.30947828307602,453.769201500942,10.1635731162815,6.84835271652982,454.55301704545,"well"
"h56",1903.87457542308,988.301593186166,1.2465266,1.1119249,1.52059426938941,1.52386410483348,12.2254725170251,7.50038002544536,3.78794621082464,19.7921804923948,"well"
"h56",1528.12946246667,714.288042793265,2.4821575,2.0252278,4.30145447610459,3.80987770932354,10.5964988884746,11.1267917190896,10.6110128862611,10.0222382555722,"well"
"h56",1309.89543255153,851.884694225976,5.735795,4.2263751,5.79463968356964,5.80276961889747,5.86376142242393,40.8037859598836,22.3762722769008,43.6648207075236,"well"
"h56",2250.45469840796,845.742082429461,5.4327593,2.8070009,7.86577891784409,7.39119776220354,0.364211643736212,22.6736720407172,21.5380094159141,453.385588008738,"well"
"h56",2153.5670350738,980.563074032478,2.3863659,2.0232232,4.17732627406577,3.21913087960099,340.602114665135,14.8385075426102,5.99848850148093,455.816593641608,"well"
"h56",2278.41540866922,854.189179983199,3.7400455,2.8495584,3.08824885817186,6.46138181246074,5.77040602174544,25.4700881940777,17.2256392673827,6.1034947209737,"well"
"h57",3476.09312434309,907.017224880396,6.1884284,3.3394482,6.01234735939299,3.00582606551017,8.52619484751301,28.084826093996,12.2246703832088,11.979428361191,"well"
"h57",3587.48223588018,815.201502857267,6.3852873,5.0205874,6.91610226066683,2.52501410095087,451.343853405023,22.982653814562,8.7413462269836,452.707409346945,"well"
"h57",3432.18116672178,638.450240809671,82.265137,24.542511,0,0,0,0,0,0,"well"
"h57",3590.32581027567,567.719961982685,0.88984835,0.82420915,0,0,0,29.5229846352651,11.6766895073047,338.738469108022,"well"
"h57",3672.43762479186,491.585740083272,0.47967201,0.48916268,11.3193601925372,1.43159532232399,93.9552543978267,23.2148868261315,16.3368294880127,95.8955162118232,"well"
"h57",3443.08229397378,575.375316904778,1.3069116,1.0834833,0,0,0,39.025391321036,20.3645369780018,113.393838202695,"well"
"h57",3760.30370466724,588.417414721141,0.54026312,0.49147844,0,0,0,20.2870166142807,6.64989018616848,83.801121359004,"well"
"h57",3584.49751958619,505.678733232701,6.1111841,2.9680352,3.76976536569585,2.17893093061712,37.062800741095,11.1981991302353,30.6150888928973,34.170796158724,"well"
"h57",3549.02467219066,668.542488957178,1.3720628,1.2555764,2.3414758465549,1.64370720935925,4.78944959176125,6.21017326941042,6.4961904044141,9.17672950516773,"well"
"h57",3679.02482813577,818.778853444023,2.8476932,1.7378278,3.78015659125385,1.6631004119114,462.546957534885,5.52344998641243,9.73568659828861,457.450253815861,"well"
"h57",3543.08496402565,1024.36123654608,1.177176,1.1067027,0,0,0,71.2500670652604,27.0679541505892,466.318330970537,"well"
"h57",3651.52856565276,805.538468711034,1.3171483,1.0427424,0,0,0,12.0077344428498,5.26288233290459,13.6799157672137,"well"
"h57",3548.22375858529,439.699700350159,2.2889152,1.7447255,3.84882513399867,1.63718045007264,22.0578881676574,9.32525613450381,6.6741434064607,27.6037842035707,"well"
"h57",3905.99072219902,1008.71011218184,0.9693982,0.76166999,0,0,0,10.4707811866212,4.32166646053328,463.248835533534,"well"
"h57",3835.63688218986,960.814350802931,1.7345678,1.8191808,5.5234011878914,1.7385088507397,452.240161557021,10.033132879136,7.33640686536013,456.327124956347,"well"
"h58",7023.49506480203,633.80893468344,17.769625,8.7912712,20.1425049370256,8.63289399564209,6.21580136796601,51.7464377220703,26.0420901282906,7.91244673047501,"well"
"h58",6003.12230851774,418.300215078998,24.913506,18.418722,0,0,0,56.3421005829779,24.1364646552082,451.398412878322,"well"
"h58",6030.66708662584,540.614562483752,9.5558434,5.6948385,4.98202347846729,3.21099672998903,356.647991459319,24.7017145848239,13.155873208282,6.53918988323201,"well"
"h58",6105.84464025435,468.929073888225,12.37798,21.430929,0,0,0,0,0,0,"well"
"h58",6235.20140927384,774.23006083639,28.148947,35.058781,0,0,0,0,0,0,"well"
"h58",6727.91227479346,672.61122217943,5.6943521,2.5443065,14.6051898775775,4.66975963514211,32.224299764649,0,17.9174306394636,0,"well"
"h58",6664.78695092636,246.965477595565,0.75159812,0.71742451,29.0906719155815,0,359.710276713154,0,11.587752232422,0,"well"
"h58",6110.37373681212,334.437415565777,0.5102188,0.45455855,4.84104778844393,1.54695523529292,81.374954873904,20.3943078463087,11.5209805871722,81.729369228588,"well"
"h58",6061.06171765817,363.715784343593,0.62983143,0.39846477,2.93896822881811,0.921574066475442,61.782560348214,17.5639151836941,15.7304310433628,57.56103269434,"well"
"h58",5875.55194427266,281.471525184016,0.98726332,0.94238782,4.58509305140047,0.716609607806118,82.856229250933,22.4980470001287,13.4366007416309,77.4336528467033,"well"
"h58",5922.85477740777,381.550544390002,0.39578888,0.34829423,2.49588040178236,0.887912185973696,37.816192750508,14.06538589659,12.7893419005828,38.9919589585413,"well"
"h58",6110.00911091813,310.913810310471,0.41759321,0.36191416,1.50433459376551,0.921957987112418,57.440296855309,13.2130059865273,7.8935140849944,59.022262430584,"well"
"h58",6385.51386106016,475.002747295573,0.86903548,0.78889465,7.69613317310083,2.180095477267,38.415808655881,20.4922381048143,21.557496124782,73.571401321145,"well"
"h58",6556.09302103628,341.587493426947,11.927844,6.77565,17.688752745742,3.64568988533043,4.81606848702501,33.7612492200747,59.8106477915927,8.90942052451899,"well"
"h58",5916.72529594693,610.187520221144,5.0393705,2.6863787,7.90597203764973,3.52263236373052,454.599633176559,17.1071101747197,16.7898868254076,2.26031696571647,"well"
"h58",6203.00170021179,587.114295086874,0.50206435,0.44038549,6.61690014116129,3.99751169605537,32.648398501897,0,0,0,"well"
"h58",6596.14533987233,289.683450876001,0.41698804,0.48651776,38.4499594408109,0,1.23691134545399,0,12.2789108348419,0,"well"
"h58",7153.33543608191,671.206182452682,0.71072,0.75810134,0,0,0,28.9004813151978,21.4044058044133,349.456030612593,"well"
"h58",6687.44380487289,563.511182074911,1.9560876,1.7790205,3.76630318747696,1.09082608146262,337.305592620077,12.56326178546,6.31965411854951,342.57910263573,"well"
"h58",6600.82944848317,513.812518870031,2.103534,1.1521374,4.96879417304649,3.8769877482392,344.509004300853,13.7396267818453,6.57720357902975,339.650488903705,"well"
"h58",6279.26624628724,755.805107867257,2.2415206,1.8582919,0,0,0,11.2342931464335,5.18927085842543,9.52227123511004,"well"
"h59",5270.61591343974,96.4653433379117,1.849589,1.9996846,0,0,0,84.5300781140656,90.7550216667375,534.433092144229,"well"
"h59",5325.76807551002,262.203052026742,1.3248171,1.0329082,0,0,0,80.5610207314928,22.476108676771,451.556389348141,"well"
"h59",4937.49788241461,246.069545971186,16.215231,4.9281588,0,0,0,0,0,0,"well"
"h59",4584.27818332853,395.715057731567,5.7166929,4.6335306,3.35264254730504,2.94994415031905,456.922794545883,22.8861863249429,8.03197331472151,455.482284609098,"well"
"h59",4650.02027418392,634.928892346354,1.7593093,1.8472748,0,0,0,46.5538835258069,17.1966383043927,9.51895915764899,"well"
"h59",5386.01192145199,267.047794467271,33.988194,18.57646,0,0,0,0,0,0,"well"
"h59",4412.01356962744,325.853744466746,1.6685627,1.3644221,7.0553071797052,1.71679945538231,456.157780562329,7.94182625911697,11.2733212399894,456.530205266098,"well"
"h59",5472.01535473524,210.383437668664,0.83518332,0.62638742,0,0,0,19.8860256122236,9.50747127894694,341.822442884548,"well"
"h59",5466.08524691128,88.1175011592818,0.55212355,0.71451283,0,0,0,11.3822307444542,8.25161162743367,59.0990908591214,"well"
"h59",4923.2367256802,165.323837701513,0.57622176,0.86433256,0,0,0,10.7375437088748,4.08074493444505,67.75378244494,"well"
"h59",5154.90802702803,282.694272269285,21.599268,13.174798,27.2716759653675,6.30748851762748,8.25661438057955,56.0164736356189,78.1850142406456,8.2098485541259,"well"
"h59",4907.16962138581,270.377517099444,1.0054531,1.0054531,0,0,0,26.1108318973181,9.95450324024257,454.179295469932,"well"
"h59",4869.69227260527,177.03318321296,1.7308477,1.4298308,0,0,0,30.0734996714715,14.7621403007829,3.7444612254595,"well"
"h59",4406.15733150061,581.237074551154,0.87564009,1.0215801,0,0,0,51.3037203349241,12.377773715338,458.113359264168,"well"
"h59",4421.66141054611,409.371826582285,3.283344,2.8893425,7.92868728920496,3.30300934906335,2.57201297904309,15.7923845376846,10.1654605196275,3.23686604409306,"well"
"h59",5501.88761134043,114.33949832279,1.0288253,0.92594284,4.00937013756546,1.61891504718443,342.957053378088,7.97358585894738,3.27351952644243,106.381470637351,"well"
"h59",4848.52241131453,124.530390466468,0.56599087,0.49807194,0,0,0,11.2365517063733,3.15361656039571,10.9894286595609,"well"
"h59",4380.71284994838,630.143740943884,1.5188223,1.2072691,0,0,0,9.26970066614882,3.30083881068143,453.115509804238,"well"
"h59",5417.21882494936,187.898093780587,2.3609324,1.7215132,6.31972460950634,1.31641871758151,5.39782695426501,19.8709895823031,12.2053976883179,6.90889379916311,"well"
"h59",4509.10491594826,747.248490561959,2.7267277,2.4237578,16.0430471731526,5.50154520229521,467.071220218963,31.1629718483331,11.2020247393987,452.898662800066,"well"
"h52",3051.47387542262,1044.23656978283,2.4357986,1.6746116,0,0,0,8.1249724948704,2.78673080149473,7.78017568329602,"eff"
"h52",2803.29932968011,843.139794440618,4.8594627,2.9666951,0,0,0,19.9034506093893,6.08978248708433,13.0422451208201,"eff"
"h52",3034.29584326783,1038.21351615254,0.92281222,0.76132005,0,0,0,5.58433830297736,1.33900029365217,9.07809513731884,"eff"
"h52",2927.58103426323,1005.62575050335,2.0077536,1.4096996,0,0,0,6.05216009371849,2.01648968507154,481.639504752308,"eff"
"h52",3027.12159659614,961.282065771491,2.9131937,1.8696618,1.91516545509778,3.02202353564627,7.32866178036113,0,0,0,"eff"
"h52",2863.00261247537,929.11869147686,0.69391477,0.60552472,0,0,0,11.0988088698023,3.80157397062075,15.4114773873817,"eff"
"h52",2875.34041667023,895.886239480366,1.7068876,1.4142783,0,0,0,5.4760133975732,2.82864304039962,14.0143688263319,"eff"
"h52",2301.44971020954,1082.3003288509,2.2671535,1.9797679,2.42766543001704,2.17221897570218,8.41811469318448,0,0,0,"eff"
"h52",2307.95108200125,1087.19866717951,2.4906759,2.1713583,3.01850799177341,2.11135313628477,15.9997322115879,0,0,0,"eff"
"h52",2601.00293122254,750.798801667383,2.4730713,1.5053477,2.15325413922735,2.16899447901575,7.0639253587151,0,0,0,"eff"
"h52",2914.9141252522,937.948488318982,1.933332,1.9329953,0,0,0,13.5059349606904,1.89370015580615,56.5945985831027,"eff"
"h52",2608.70717719207,669.316649967965,5.076076,2.4832602,5.33128341322234,2.34736999733739,0.462129855291394,0,0,0,"eff"
"h52",2910.28647401189,841.246923671296,1.3105164,0.86218184,0,0,0,3.88334142331064,2.19531873633441,473.476210641581,"eff"
"h52",3076.2641839953,1024.48351446824,2.5319695,1.6081429,0,0,0,7.85982296864252,2.05293573404028,16.9291989211747,"eff"
"h52",3000.67977762095,1121.23523073605,1.78527,1.3931319,0,0,0,9.69223338535034,3.43843311553383,450.171434180241,"eff"
"h52",2993.35158186897,1125.19446204018,0.98034513,1.3071269,2.77287516489652,1.95736907608158,1.7979716806407,0,0,0,"eff"
"h52",2954.90715476419,989.323142253493,1.4343041,1.5814122,0,0,0,7.111979082091,2.05153073242871,450.797593090458,"eff"
"h52",3428.44230200892,938.268426000213,1.9922136,1.6601781,0,0,0,9.42052308548203,2.51696055433951,457.103735250882,"eff"
"h52",2935.74262231034,672.208556885387,1.8782769,1.83132,0,0,0,17.2172686474977,1.93597068676152,66.4977495663593,"eff"
"h52",3058.99776019557,946.953846858118,1.082278,0.90189815,0,0,0,7.07347321901341,2.47902431938461,457.890102518935,"eff"
"h52",3009.49631950394,787.027159304921,1.8246106,1.1974006,0,0,0,7.76217190302431,3.07073949727086,450.228824343075,"eff"
"h52",2995.01430669924,774.18883434663,2.4518204,1.6535532,0,0,0,6.06231801623773,3.75101835857966,456.462200735572,"eff"
"h52",2606.34919213181,646.293775107085,2.1970963,1.4159064,3.64144337454269,1.39433982088289,27.1434711273299,0,0,0,"eff"
"h52",2657.70793394961,577.837191159957,2.0809615,1.500228,0,0,0,9.1002572820772,3.00220666177382,11.1462031749064,"eff"
"h52",2689.70709275551,524.568959571469,1.8286752,1.4277624,0,0,0,8.54907751748684,1.65278881775611,463.270299264121,"eff"
"h52",2748.6547117723,643.185055552839,2.4759963,1.5236901,4.19016693845245,2.09724242041795,9.93037717584475,0,0,0,"eff"
"h52",2748.49041735865,653.790831007545,0.90469921,0.85707515,0,0,0,16.8626133493596,2.76321455339628,8.30919297755186,"eff"
"h52",2926.52797069144,894.7666035144,1.3726108,0.88815999,0,0,0,14.2854489946274,2.74369959361432,12.4020920477909,"eff"
"h52",2932.77454341182,969.270464835053,1.7054876,1.0963849,0,0,0,5.63056108895013,1.82829220038822,15.51370720588,"eff"
"h52",2747.7699369883,536.890476600187,4.3132744,2.9417453,5.25945496891075,4.20667823823043,452.703770676629,0,0,0,"eff"
"h52",2956.70364073849,744.243002465989,0.80248839,0.83639759,0,0,0,14.4491375923997,8.05306933038581,29.7541082192397,"eff"
"h52",2930.03486649602,822.298530790022,5.2029843,3.6561513,0,0,0,11.8655527578786,3.80727021080733,4.48614459067207,"eff"
"h53",4085.10281493641,371.257473391074,3.6270511,2.4708169,0,0,0,13.1234485178249,5.99101346100968,14.8725832432183,"eff"
"h53",4219.66453119491,291.455798862544,2.5188804,1.4257812,0,0,0,9.02239487774712,2.00717744606719,11.7977674636539,"eff"
"h53",3757.82490548079,393.579577696163,1.7882005,1.2698816,0,0,0,7.15549576898759,1.50683505401242,7.32494308732561,"eff"
"h53",3834.3936461995,427.521764211354,1.5071955,1.2366731,0,0,0,8.11713867986128,2.24153167499357,1.34267198990887,"eff"
"h53",3940.41574314454,371.091399333689,1.3458508,1.0825322,3.18357651863435,2.30520310601902,466.849734646872,0,0,0,"eff"
"h53",3916.08607669994,373.129063053381,0.45509753,0.49302235,0,0,0,3.73483031207571,1.23483784360537,459.694097742551,"eff"
"h53",4213.51103509405,277.472386322102,3.2108483,1.2535503,0,0,0,13.2050296637305,4.17899232351543,37.8079307491314,"eff"
"h53",4198.98783905981,277.037518289243,0.9768585,0.69408369,0,0,0,11.5597216337592,2.8957401264614,18.9272700223395,"eff"
"h53",4140.59369856585,389.74381430531,1.8349143,1.7038491,2.75127509347933,1.7919165633481,31.2137614635154,0,0,0,"eff"
"h53",4166.53322038337,378.207516563915,1.3753268,1.020861,0,0,0,4.06708566174843,1.90004107587172,4.6498086236282,"eff"
"h53",4174.65964211504,420.900451221761,1.9446838,1.3800982,2.96953160820017,1.46418699625387,450.5595508779,0,0,0,"eff"
"h53",3947.88309437961,323.762479770571,0.68001729,0.58812314,0,0,0,6.82392811289798,2.11608363728822,25.4351160076838,"eff"
"h53",3919.90996495088,440.365242190191,1.9400599,1.524333,0,0,0,12.2698826921857,3.63752797740464,468.182733486724,"eff"
"h53",3696.53392072271,399.235845967211,1.1722369,1.0530266,0,0,0,5.91863636321747,1.83464232208901,459.022752205894,"eff"
"h54",782.480582009736,731.571946963858,1.3271792,1.1559303,4.31197823766541,2.6557118300184,463.370061483763,8.14509166713916,4.73715663558854,458.07617350838,"eff"
"h54",742.206612690363,341.914862609474,1.7612722,1.6291769,2.25222772605259,1.35780720649143,12.3392426030067,9.79191957687572,5.89273000908751,20.7725942602157,"eff"
"h54",932.641557191015,245.080141620008,1.6464026,1.7041711,2.65803839889489,2.6003135580157,468.961871630962,10.9828701444568,5.88335290544426,5.00460729058368,"eff"
"h54",704.810296721274,88.0054926704352,2.077081,1.83556,0,0,0,11.3226382177477,3.40332101483241,16.4619890612937,"eff"
"h54",997.551883071846,290.495181917945,1.8482645,1.2706819,0,0,0,14.1402195050147,7.28590523751169,465.526453485555,"eff"
"h54",921.608289117235,199.833279203331,0.47274482,0.47274482,0,0,0,14.8709203148292,4.21515054179567,50.2001019720804,"eff"
"h54",1063.84722482897,358.349206614513,3.2872534,2.1097298,0,0,0,15.2628935543036,6.49786092341174,457.963669557559,"eff"
"h54",884.509963365245,418.869579065909,1.0061861,0.85525823,0,0,0,10.3729621034688,3.75947958554104,452.129273856199,"eff"
"h54",856.479906542795,378.849060360993,1.0061861,0.70433027,0,0,0,13.6355675969137,4.12538731878593,459.151601548849,"eff"
"h54",783.214778351212,399.131188927329,1.1853001,0.72941548,0,0,0,10.4441221770908,3.22227331087855,13.7549672878004,"eff"
"h54",625.439211475076,217.045168328673,1.6558807,1.7150193,0,0,0,16.7663029821723,6.70069579819886,0.0341731763829927,"eff"
"h54",617.505922360808,270.900123613395,1.6222426,1.6714014,6.02635045944052,3.2814957473689,464.594514956825,0,0,0,"eff"
"h54",606.978859750267,228.447045483932,2.4141583,1.1339228,5.12140380462223,2.71078667733187,471.029398536386,0,0,0,"eff"
"h54",1049.91089849692,502.938044668331,2.0343595,2.0004535,0,0,0,13.8393312284228,5.20084309223996,492.379292908318,"eff"
"h54",228.17455325582,108.987113926816,1.3216362,1.5859635,0,0,0,7.85945088412677,4.32088914229466,466.355558589013,"eff"
"h54",1052.23871723125,493.951427947439,1.7631116,1.5596756,4.2370900479457,3.45776917015872,510.018189442038,0,0,0,"eff"
"h54",766.784101567751,638.521640785843,2.878289,1.9596862,0,0,0,7.93387885211257,8.58761540301503,461.332309764102,"eff"
"h54",671.313283755047,754.321719288058,1.7691869,1.32689,0,0,0,9.44603983805382,4.14446626961782,467.52939192788,"eff"
"h54",502.811021205787,765.674863852135,1.6421939,1.6421939,0,0,0,19.3237925952542,4.44780074509865,471.35859557211,"eff"
"h54",738.662152066402,807.552808202081,0.70825559,0.70825559,0,0,0,10.7580961484828,3.57792565882801,467.067605790049,"eff"
"h54",358.251915837775,147.320516975858,1.9931226,2.1592159,0,0,0,9.02940400081859,3.09956388061294,472.565928475849,"eff"
"h54",468.572771243547,248.165984644582,0.46387786,0.55665344,0,0,0,6.64720085750384,2.70646627357519,450.62923869352,"eff"
"h54",829.632179523398,114.22924176268,1.2533313,1.1279981,0,0,0,12.2127526217476,3.57244001349213,453.513298425764,"eff"
"h54",838.281743331751,97.576287398615,0.83139974,0.77943724,0,0,0,10.9503999273998,2.68247656094138,462.851275773767,"eff"
"h54",855.062610439835,66.119997665766,2.1301804,1.8998904,0,0,0,12.5339133238586,4.47873198349707,3.05504926024386,"eff"
"h54",731.20442949962,281.404538990381,2.1779766,1.8512802,3.51189380818962,2.25325506989328,9.53259412406963,0,0,0,"eff"
"h54",819.838788978218,324.976543615728,2.8975899,2.3493974,0,0,0,14.2667588628251,5.25207567538782,467.695926237858,"eff"
"h55",7929.42577496235,200.616606560218,7.7341385,6.492764,0,0,0,27.5959032847268,3.68268587446706,4.97115266103722,"eff"
"h55",8378.41350018541,377.712775878547,0.9387601,1.1734501,0,0,0,9.29409075972466,4.97890587378314,4.02210548148243,"eff"
"h55",8221.51838279636,218.157374973716,1.4712164,0.90074474,5.65984560920178,1.89892968010971,463.836877744584,4.63005549102823,3.5015315292019,456.265440754045,"eff"
"h55",7672.42638196285,501.919462277675,6.072525,3.9336059,0,0,0,27.7213791801562,3.97417911650931,457.016063068014,"eff"
"h55",8381.15446378258,542.02518782609,1.8108522,1.6410848,0,0,0,8.84888560826148,4.35559149696186,467.541342255281,"eff"
"h55",8240.35439406087,239.97671505157,2.0319562,1.416212,0,0,0,8.9118639492532,1.8733458436719,457.709947927791,"eff"
"h55",8359.94896973969,364.243978433374,1.6868409,1.9021823,0,0,0,14.8849929828668,3.06633024966325,17.6804855196942,"eff"
"h55",8216.03283841714,328.247910306415,3.3824513,2.420774,4.37917797994102,3.78086242278167,5.17902987372059,0,0,0,"eff"
"h55",8151.87386518336,337.981151914277,2.2318561,1.5426065,0,0,0,7.51882022194962,2.62068921659939,458.649872280907,"eff"
"h55",8012.63171629719,251.219668550916,2.2034628,1.7577842,0,0,0,14.5528445748588,3.87551465743593,14.9247979594694,"eff"
"h55",8165.06381157914,601.015734077909,2.9367425,2.2126143,4.82832553169315,2.97688423187739,2.4808933298505,0,0,0,"eff"
"h55",8179.46459805291,606.839637979644,2.3735316,1.6091739,4.25513012708179,2.7927476219847,18.7931375217921,0,0,0,"eff"
"h55",8186.08213711597,609.373698276672,1.6494033,1.8907795,2.97698924252334,2.97714245880179,7.79370994109334,0,0,0,"eff"
"h55",8262.5372302627,677.631845304584,2.2309525,2.1778345,0,0,0,13.4567874780759,3.27248793673881,452.44767945243,"eff"
"h55",8354.29422876867,678.257392573599,2.2840705,1.8591272,4.05927967728265,2.36021770606086,452.562684251961,0,0,0,"eff"
"h55",8385.94773186918,538.685266825526,1.9806197,1.6410848,0,0,0,10.1739352301897,4.30388916573114,473.69021737622,"eff"
"h55",8375.22929156186,685.869709258102,1.705631,1.6728305,0,0,0,10.7740121991809,2.22998005919354,456.020368401089,"eff"
"h55",8370.17174529922,461.481080056774,1.7633243,1.9470038,0,0,0,13.3015921182429,5.44001885438896,2.17491683287483,"eff"
"h55",7744.52751493489,413.380080655269,1.7861575,1.5201341,0,0,0,11.6331530380375,4.26719917510341,4.9411880050928,"eff"
"h55",7703.92674059856,412.893401510102,1.619857,1.5735753,0,0,0,11.1110993740494,3.51744392280771,4.87528248187323,"eff"
"h55",7900.24830983416,551.052883087625,2.4218142,1.339727,0,0,0,8.50876481271526,5.47746096819531,14.6160127250132,"eff"
"h55",7869.60580246625,492.917563160254,0.83641762,0.72849274,0,0,0,6.96388951089839,2.20791137822608,462.004424052484,"eff"
"h55",8055.90855460172,485.404541211668,2.2686372,1.7644956,0,0,0,6.75629782855229,2.11740724096726,2.58738647857697,"eff"
"h55",8447.6119847084,719.376500629028,1.8375455,1.7694882,0,0,0,5.64018198982975,2.63572932608707,454.881984419696,"eff"
"h55",8436.11694992242,649.768666427344,1.4054369,1.4054369,0,0,0,6.16390700935696,2.51875541091263,453.097795871779,"eff"
"h55",8393.82229704387,534.928572559334,1.2983446,1.348281,0,0,0,7.97115482787769,4.39091563572964,461.814174756543,"eff"
"h55",8460.21992247689,245.621410556704,1.4598769,1.5262349,0,0,0,7.94182800619615,1.8735259832726,456.171609622898,"eff"
"h55",8396.09467828321,521.1472811045,1.7787435,1.5361875,3.34224058112214,1.87454127721917,11.6498667119604,0,0,0,"eff"
"h55",8167.28942878177,241.20275476288,1.7736111,1.2035218,0,0,0,10.2740953183237,3.58337428271157,0.616797432300842,"eff"
"h55",8309.55710354198,307.210795984624,1.3224468,1.3224468,0,0,0,12.6441675044266,3.63105796290865,20.5857453945793,"eff"
"h55",8315.94438929389,356.949055771769,0.98047084,0.89876503,0,0,0,7.79406116604175,2.01639571761131,5.444409256011,"eff"
"h55",8258.58917056589,264.344290576268,0.95594811,1.123239,1.93322483172562,1.48463367872325,11.9684890124975,0,0,0,"eff"
"h55",8212.3552324163,183.721463220553,1.0570911,0.93742043,0,0,0,8.35579441824664,2.40172983701245,450.390852694368,"eff"
"h55",8077.23532107765,246.177503893786,2.3857191,2.1206393,3.18374672987655,3.78148917227068,1.06184467371212,0,0,0,"eff"
"h55",8047.0931406449,443.834783685676,1.9497254,1.6497674,0,0,0,9.58227031680903,3.156356016057,463.857316737788,"eff"
"h55",7870.71598483016,525.762149351571,0.61276674,0.72188902,0,0,0,9.02662663923239,2.64548836512306,11.9744258380434,"eff"
"h55",8413.03357471775,608.338751062232,1.9877112,1.7478149,0,0,0,6.52406052240472,3.43767261384782,452.407917125083,"eff"
"h55",8421.80870546357,616.020602511824,1.6823564,1.5258582,0,0,0,8.20122393609624,4.30479004830613,10.5685421029068,"eff"
"h55",8428.10760032251,623.167451968481,1.8402226,1.4122639,0,0,0,8.08223124564666,3.90450020746639,27.8349095228279,"eff"
"h55",8433.84742443254,621.265181959812,2.0882199,1.3814378,1.67187857214569,1.96609999999964,1.37094279529556,0,0,0,"eff"
"h55",8453.51557816979,618.569088894312,2.2210364,1.3206162,3.68276852305426,2.35113802231939,13.9351938799542,0,0,0,"eff"
"h55",8446.55062546066,490.997664899959,2.6617935,1.4886049,0,0,0,7.60133788895732,3.12247972291201,21.6702299006607,"eff"
"h55",7716.14197562522,478.117680056464,3.2860622,2.0827155,6.67486165324804,3.23966145362465,6.62428567944556,0,0,0,"eff"
"h55",7660.44855028998,466.802804391333,1.9789637,1.5510798,0,0,0,24.1036476810045,7.7058948377199,18.0969110211997,"eff"
"h56",1883.38307009587,970.028655700109,0.58779001,0.55140263,0,0,0,11.8324244591757,4.38730673079728,25.1363256675099,"eff"
"h56",1688.56213360688,853.679479576657,0.83958405,0.78711003,0,0,0,9.16520001528062,5.72906648105962,459.556452212125,"eff"
"h56",1658.37935173481,1020.77500296847,1.4996828,1.1872487,4.02656471748564,0,1.73910515880364,7.40853669332884,7.62137583970245,6.45430997526076,"eff"
"h56",1823.75851149015,1202.90006932633,1.0758424,0.71675032,2.82057750292385,0,11.6672819745855,7.26156118889046,3.77848393538993,25.0542643683052,"eff"
"h56",1278.71049200279,810.585139013658,2.1819563,1.4837303,0,0,0,14.8701521716525,5.11942575099981,450.16568236318,"eff"
"h56",1538.184581103,797.53191518841,1.8591231,1.8044431,3.50125785968411,2.87275117337018,456.803908730143,0,0,0,"eff"
"h56",1520.61761785811,793.323506786942,0.53884292,0.64854354,0,0,0,7.47410725705758,0,463.503187507327,"eff"
"h56",1694.99934483447,806.488291074575,1.8029211,1.2726502,0,0,0,10.8663078247444,3.22596108316566,13.7724306587907,"eff"
"h56",1684.26786395616,803.05099541398,1.1428961,0.89798981,0,0,0,6.28646844659221,3.74104234143377,455.762558012503,"eff"
"h56",1694.12408975211,848.148377453694,1.5170689,1.5549955,0,0,0,6.44217707596582,1.6215144618843,7.22044961972378,"eff"
"h56",1696.33520889475,860.327888196721,1.2895086,1.2895086,0,0,0,8.40907882529949,1.87650907229354,10.1486388418096,"eff"
"h56",1757.44512032496,887.966854065797,2.3290799,1.8495632,6.49727330501036,2.75073728591076,19.9287103326479,0,0,0,"eff"
"h56",1768.41568766672,867.536749491607,0.66464168,0.80456626,0,0,0,14.1324797033783,2.38800664950921,455.299082049449,"eff"
"h56",1805.39959820783,896.597193858326,2.23087,1.8786274,4.11122043758293,4.23347222147486,453.377361431443,0,0,0,"eff"
"h56",1804.41679914274,923.674721032743,2.7592344,1.7612132,3.81780178243971,3.36765909563312,3.18624012387939,0,0,0,"eff"
"h56",1288.62930941043,820.974345234373,1.6612855,1.3918878,0,0,0,11.4472073817154,2.61035993878231,450.065067860565,"eff"
"h56",1865.63382342175,919.245024619334,2.2679203,1.7204908,0,0,0,9.32198503560801,2.9463086735778,452.002874623415,"eff"
"h56",1863.50777048369,872.596278097432,1.8600816,1.6607873,0,0,0,11.5439001777606,2.97234669747665,6.94125933623781,"eff"
"h56",1844.84668551531,865.765720508412,1.8381627,1.593074,0,0,0,12.9137219208871,2.53909173721634,4.26861310871102,"eff"
"h56",1589.30890298121,958.939044036658,1.5388973,1.3290476,0,0,0,12.8957087618362,4.20854794271141,23.495872928142,"eff"
"h56",1627.43387749391,929.937196965385,1.1579013,1.0807079,0,0,0,10.6837988908487,1.61279561333737,32.3513232471872,"eff"
"h56",1639.50302825399,957.553252199712,1.317345,1.1786771,0,0,0,9.2189818098367,2.74509592366104,461.926089099083,"eff"
"h56",1639.19816889948,1020.51825174241,1.2134398,1.1375997,0,0,0,6.85602682170952,2.08261212144754,468.299641753115,"eff"
"h56",1647.22571738459,1005.55187938625,1.5291338,1.2511094,0,0,0,5.74878705537957,2.44421761185454,456.863447284331,"eff"
"h56",1671.90438768044,976.439949738955,1.4010717,1.4594498,0,0,0,10.96826713752,2.45470326844198,22.913522856196,"eff"
"h56",1579.10755106215,1304.212610328,4.7499361,2.8172395,0,0,0,17.0555167895965,3.61004654263623,3.2374669747425,"eff"
"h56",1300.35356030042,797.713113082852,4.1286459,2.2640965,0,0,0,24.5492929072123,3.37192913069058,451.594264557235,"eff"
"h56",1950.50636943381,1300.46272226632,1.8038505,1.2884647,0,0,0,10.8881920009706,4.50048620484488,15.7790029756968,"eff"
"h56",1955.96621449036,1305.93323372028,1.9971203,1.6750041,0,0,0,11.9236476663632,2.80121827066176,1.1874554739852,"eff"
"h56",1963.89966351778,1309.37602815821,1.6105809,1.0307717,0,0,0,7.81721074265041,2.58968555040959,3.51593988952904,"eff"
"h56",1877.39818045035,1173.96912381384,1.2951089,0.89854515,0,0,0,8.6432646222362,2.84195084580987,8.59481394116673,"eff"
"h56",1875.34274458295,1042.8110096987,1.2775211,1.1430452,0,0,0,5.83996864016409,1.8352270295797,0.993901494881712,"eff"
"h56",1347.14673491435,835.319584200775,2.3533537,1.9912994,0,0,0,12.8288986083803,2.75913550535317,6.92868782623945,"eff"
"h56",1365.04129499317,846.89964669134,0.52291447,0.59883314,0,0,0,10.1584380551343,0,38.5405405812447,"eff"
"h56",1235.06234338648,851.637447879467,2.693181,1.9087298,0,0,0,17.3937070466333,3.67045137852291,457.401219484965,"eff"
"h56",1284.40061394334,743.89731739385,2.3972783,1.8645498,0,0,0,10.7076779687335,5.34911382867288,0.695099754929515,"eff"
"h56",1273.49993618613,741.305931870664,2.3288083,1.6351207,0,0,0,9.72023709670192,3.25069814318391,478.44436905872,"eff"
"h56",1522.04092843929,818.105238045833,2.2114334,2.4848342,0,0,0,8.44619531919549,2.38867046911048,459.469571139726,"eff"
"h56",2139.70197107737,984.023540379228,2.5655346,1.5678267,4.22625998490394,2.72306865431245,460.821777544127,10.1556520882758,10.1286519745771,459.845299118049,"eff"
"h57",3685.16868014101,527.914408706036,14.563571,8.9003687,11.5559431069039,2.40749426045006,344.157510881748,31.0725411359306,10.7184249892415,454.232731986694,"eff"
"h57",3542.07024051187,507.190455574561,0.72188741,0.82392585,0,0,0,24.8968660990174,11.3432433058805,1.62771595384709,"eff"
"h57",3634.44409122768,712.560310887713,1.5908267,1.4978044,0,0,0,48.3684786976198,11.2082147664156,6.08888340480999,"eff"
"h57",4105.36238092909,697.615229944607,2.8023291,1.5819601,0,0,0,19.4228539603762,3.54213784854613,7.33730371181052,"eff"
"h57",3848.65130253614,824.006976976334,1.518592,1.0996699,0,0,0,12.0481158568466,3.47026680906539,11.9939512849834,"eff"
"h57",3857.77031291291,968.841281772361,1.4243102,1.4243102,0,0,0,10.3544406224624,2.47398832859004,334.783526189459,"eff"
"h57",3846.01753288388,1036.10596167206,1.8762963,1.478294,0,0,0,6.20919288378932,2.26582039226408,478.756820007055,"eff"
"h57",3790.90567721858,641.548198642202,2.12606,1.8830819,0,0,0,10.5869800871685,2.71131828083696,42.0351664017954,"eff"
"h57",3546.5183545635,988.02110027412,0.78521037,0.74509025,0,0,0,8.83988968822579,3.3735484374767,463.040963000065,"eff"
"h57",3479.61073187346,1013.74392803735,1.6460685,1.6460685,0,0,0,6.46925901878253,1.31280687540101,459.876141145096,"eff"
"h57",3439.36059826627,938.531941910781,1.7982556,1.4280264,0,0,0,11.2474054897119,1.57881045667315,454.947454936762,"eff"
"h57",3511.68567970591,796.783798039057,0.6503678,0.89861763,0,0,0,16.3819742951941,2.29784597751891,6.75600620398164,"eff"
"h57",3417.66876269811,455.581363733382,2.4061928,1.5651523,0,0,0,9.25116112119982,2.13992191822487,450.899932340127,"eff"
"h57",4092.16827572133,623.641371214198,2.0450301,1.4370483,0,0,0,15.9292723675031,4.2928888292153,25.7903532651045,"eff"
"h57",4047.8168978542,775.215888803461,1.796281,0.86071795,0,0,0,8.39088532396906,4.49331390512616,7.94218215714777,"eff"
"h57",4036.50117147987,907.731866022932,1.3568637,1.214036,0,0,0,10.08066348741,2.30306596518657,24.4395331245266,"eff"
"h57",4009.73021297137,909.960134466443,1.959421,1.5357625,0,0,0,9.5798451448862,2.53301000392832,4.78907191074207,"eff"
"h57",4023.46659586419,909.263437780662,1.4396402,1.2956761,3.52110419277824,1.89446168079488,23.0671020556546,0,0,0,"eff"
"h57",4051.16893232013,595.84341216248,2.7061596,1.2648354,2.84589145611705,2.65325172912424,17.6250964239172,0,0,0,"eff"
"h57",4012.77418149741,568.881301320757,1.8627541,1.7194653,0,0,0,14.1156189690711,2.29235197997601,9.62781311204719,"eff"
"h57",3981.20726518461,546.293723527856,1.030376,1.1888953,0,0,0,5.19158034189977,1.43547308233219,6.41443827282173,"eff"
"h57",3896.45070251355,788.124000117528,3.7231348,3.0930657,0,0,0,15.0842980302167,3.19120082102341,349.587273461502,"eff"
"h57",4025.52021492229,745.793230219241,0.84443897,0.87545985,0,0,0,38.8740502245405,10.3153049445959,1.95209275196535,"eff"
"h57",3813.77087783675,520.221117656994,6.3718266,4.2283387,0,0,0,18.6081658968878,3.99667628387636,471.218264377334,"eff"
"h57",3417.86545168943,706.888410528594,1.5173602,1.6859559,0,0,0,34.1567461031654,10.6321786337514,21.3102986788824,"eff"
"h58",7063.2289303514,765.871900965573,10.613752,5.5261698,0,0,0,44.0464471840804,4.03863552082908,62.9914862192964,"eff"
"h58",6997.77400411233,594.762895594781,10.477283,5.6218047,21.206540904504,2.53893392194465,10.325329241611,17.3965747950567,12.250207720688,18.898420960631,"eff"
"h58",6771.5668900099,733.427680913384,1.4810008,1.2767248,0,0,0,7.53686361256442,2.89065772619306,43.427368120541,"eff"
"h58",6760.87209681469,716.478381841396,1.6557288,1.4048607,0,0,0,7.30545472164469,2.83305293951625,37.7864552903561,"eff"
"h58",6703.50699900604,669.850966671192,0.81517404,0.94058537,0,0,0,11.6304410579348,4.11703389469921,24.8732149414502,"eff"
"h58",6718.40110422065,582.167538298972,1.5520717,1.3729866,0,0,0,13.5243471713057,4.57138761060577,475.27546629553,"eff"
"h58",6735.73111205799,501.476403454816,2.2293384,0.92667437,0,0,0,8.0436558736745,7.119950390979,14.3759100620867,"eff"
"h58",6625.50480842597,263.875486362098,1.3594903,1.2264475,0,0,0,7.34817883424191,3.02857039706873,9.59884088531356,"eff"
"h58",6608.6339394009,261.815039852476,1.6334115,1.5506158,0,0,0,8.39890723487302,2.46928310649096,11.1384175766941,"eff"
"h58",6474.60918593811,385.262399293623,2.1348391,1.6103163,0,0,0,9.40096221564596,4.97459050073478,37.3293189308331,"eff"
"h58",7120.51214294012,674.791482555091,4.7712617,3.350035,0,0,0,29.7461682643059,8.42273175413404,6.24269041457497,"eff"
"h58",6272.52172898158,697.788427123236,6.8281789,4.7263041,0,0,0,43.1955390690533,4.2842767436408,481.515080084152,"eff"
"h58",6050.3349990092,642.416131683805,5.6007857,2.818121,0,0,0,15.2286448559975,5.86650071474467,462.581010103331,"eff"
"h59",5301.12005318271,240.767227376344,1.1839883,1.077855,0,0,0,8.79340814530981,3.92489999999998,6.88482420429695,"eff"
"h59",5295.99438293122,243.898406133046,1.1339892,0.89410686,0,0,0,5.53078412252732,2.03925752419811,13.5251878443073,"eff"
"h59",5411.38574422878,23.169368062875,2.1894541,1.4330971,3.82922835699304,1.67688516303302,6.96132570252739,9.67803211660308,6.07063737098534,6.31541365335983,"eff"
"h59",5493.00326966768,179.55274043548,1.2406063,1.5660127,3.11513673696683,2.2697708166244,14.6906695715831,0,0,0,"eff"
"h59",5444.76933986356,254.09023347415,1.285288,1.3631725,0,0,0,12.789976230236,4.73174027710751,6.119305584584,"eff"
"h59",5454.47008042602,31.184666075038,1.4208163,1.3746042,0,0,0,10.1281970142765,4.50512175307203,10.375076855525,"eff"
"h59",5195.24388590123,362.18933434321,1.1911322,1.361294,0,0,0,17.8742368721018,7.16505716725314,479.59323924905,"eff"
"h59",5063.8391238311,275.788672610475,1.5634152,1.3758054,5.20206385677859,2.79659893799569,468.267418799726,0,0,0,"eff"
"h59",4873.56187698507,136.277103628547,1.5933259,1.1486768,0,0,0,8.58410287100523,1.87651718084342,451.83517176559,"eff"
"h59",4855.48331227666,131.661806419921,1.5439887,1.1855627,0,0,0,3.00871559639661,1.9979000000003,13.3263355600201,"eff"
"h59",4393.39237364778,664.28484404905,2.1895866,1.4811909,3.37098195232478,2.5879561549608,484.540325464875,0,0,0,"eff"
"h59",4448.92792787675,461.917208189308,1.6192416,1.6192416,2.81361985493775,1.67652202192503,7.17454747270799,6.36670000000004,9.56032090540894,450,"eff"
"h59",5175.89618897531,338.273767089368,2.5262058,2.6272538,9.84334288389869,3.77638838045021,455.603848782254,32.5005439439097,6.52500693792723,452.53255048776,"eff"
"h59",4746.97316717261,299.128489390365,4.1966286,2.6079774,3.01892082208199,2.64195046887731,8.30000113164023,14.6077702131434,4.81703575448604,5.02617914168115,"eff"
"h59",4438.62080001034,398.317736859922,1.7653009,2.2507586,2.84791848373512,2.58369026975024,451.931739643253,27.9208988079968,3.00226834576793,10.3786014770878,"eff"
